label,id,split
ApplyEyeMakeup,v_ApplyEyeMakeup_g01_c01,val
ApplyEyeMakeup,v_ApplyEyeMakeup_g01_c02,val
ApplyEyeMakeup,v_ApplyEyeMakeup_g01_c03,val
ApplyEyeMakeup,v_ApplyEyeMakeup_g01_c04,val
ApplyEyeMakeup,v_ApplyEyeMakeup_g01_c05,val
ApplyEyeMakeup,v_ApplyEyeMakeup_g01_c06,val
ApplyEyeMakeup,v_ApplyEyeMakeup_g02_c01,val
ApplyEyeMakeup,v_ApplyEyeMakeup_g02_c02,val
ApplyEyeMakeup,v_ApplyEyeMakeup_g02_c03,val
ApplyEyeMakeup,v_ApplyEyeMakeup_g02_c04,val
ApplyEyeMakeup,v_ApplyEyeMakeup_g03_c01,val
ApplyEyeMakeup,v_ApplyEyeMakeup_g03_c02,val
ApplyEyeMakeup,v_ApplyEyeMakeup_g03_c03,val
ApplyEyeMakeup,v_ApplyEyeMakeup_g03_c04,val
ApplyEyeMakeup,v_ApplyEyeMakeup_g03_c05,val
ApplyEyeMakeup,v_ApplyEyeMakeup_g03_c06,val
ApplyEyeMakeup,v_ApplyEyeMakeup_g04_c01,val
ApplyEyeMakeup,v_ApplyEyeMakeup_g04_c02,val
ApplyEyeMakeup,v_ApplyEyeMakeup_g04_c03,val
ApplyEyeMakeup,v_ApplyEyeMakeup_g04_c04,val
ApplyEyeMakeup,v_ApplyEyeMakeup_g04_c05,val
ApplyEyeMakeup,v_ApplyEyeMakeup_g04_c06,val
ApplyEyeMakeup,v_ApplyEyeMakeup_g04_c07,val
ApplyEyeMakeup,v_ApplyEyeMakeup_g05_c01,val
ApplyEyeMakeup,v_ApplyEyeMakeup_g05_c02,val
ApplyEyeMakeup,v_ApplyEyeMakeup_g05_c03,val
ApplyEyeMakeup,v_ApplyEyeMakeup_g05_c04,val
ApplyEyeMakeup,v_ApplyEyeMakeup_g05_c05,val
ApplyEyeMakeup,v_ApplyEyeMakeup_g05_c06,val
ApplyEyeMakeup,v_ApplyEyeMakeup_g05_c07,val
ApplyEyeMakeup,v_ApplyEyeMakeup_g06_c01,val
ApplyEyeMakeup,v_ApplyEyeMakeup_g06_c02,val
ApplyEyeMakeup,v_ApplyEyeMakeup_g06_c03,val
ApplyEyeMakeup,v_ApplyEyeMakeup_g06_c04,val
ApplyEyeMakeup,v_ApplyEyeMakeup_g06_c05,val
ApplyEyeMakeup,v_ApplyEyeMakeup_g06_c06,val
ApplyEyeMakeup,v_ApplyEyeMakeup_g06_c07,val
ApplyEyeMakeup,v_ApplyEyeMakeup_g07_c01,val
ApplyEyeMakeup,v_ApplyEyeMakeup_g07_c02,val
ApplyEyeMakeup,v_ApplyEyeMakeup_g07_c03,val
ApplyEyeMakeup,v_ApplyEyeMakeup_g07_c04,val
ApplyEyeMakeup,v_ApplyEyeMakeup_g07_c05,val
ApplyEyeMakeup,v_ApplyEyeMakeup_g07_c06,val
ApplyEyeMakeup,v_ApplyEyeMakeup_g07_c07,val
ApplyLipstick,v_ApplyLipstick_g01_c01,val
ApplyLipstick,v_ApplyLipstick_g01_c02,val
ApplyLipstick,v_ApplyLipstick_g01_c03,val
ApplyLipstick,v_ApplyLipstick_g01_c04,val
ApplyLipstick,v_ApplyLipstick_g01_c05,val
ApplyLipstick,v_ApplyLipstick_g02_c01,val
ApplyLipstick,v_ApplyLipstick_g02_c02,val
ApplyLipstick,v_ApplyLipstick_g02_c03,val
ApplyLipstick,v_ApplyLipstick_g02_c04,val
ApplyLipstick,v_ApplyLipstick_g03_c01,val
ApplyLipstick,v_ApplyLipstick_g03_c02,val
ApplyLipstick,v_ApplyLipstick_g03_c03,val
ApplyLipstick,v_ApplyLipstick_g03_c04,val
ApplyLipstick,v_ApplyLipstick_g04_c01,val
ApplyLipstick,v_ApplyLipstick_g04_c02,val
ApplyLipstick,v_ApplyLipstick_g04_c03,val
ApplyLipstick,v_ApplyLipstick_g04_c04,val
ApplyLipstick,v_ApplyLipstick_g04_c05,val
ApplyLipstick,v_ApplyLipstick_g05_c01,val
ApplyLipstick,v_ApplyLipstick_g05_c02,val
ApplyLipstick,v_ApplyLipstick_g05_c03,val
ApplyLipstick,v_ApplyLipstick_g05_c04,val
ApplyLipstick,v_ApplyLipstick_g05_c05,val
ApplyLipstick,v_ApplyLipstick_g06_c01,val
ApplyLipstick,v_ApplyLipstick_g06_c02,val
ApplyLipstick,v_ApplyLipstick_g06_c03,val
ApplyLipstick,v_ApplyLipstick_g06_c04,val
ApplyLipstick,v_ApplyLipstick_g06_c05,val
ApplyLipstick,v_ApplyLipstick_g07_c01,val
ApplyLipstick,v_ApplyLipstick_g07_c02,val
ApplyLipstick,v_ApplyLipstick_g07_c03,val
ApplyLipstick,v_ApplyLipstick_g07_c04,val
Archery,v_Archery_g01_c01,val
Archery,v_Archery_g01_c02,val
Archery,v_Archery_g01_c03,val
Archery,v_Archery_g01_c04,val
Archery,v_Archery_g01_c05,val
Archery,v_Archery_g01_c06,val
Archery,v_Archery_g01_c07,val
Archery,v_Archery_g02_c01,val
Archery,v_Archery_g02_c02,val
Archery,v_Archery_g02_c03,val
Archery,v_Archery_g02_c04,val
Archery,v_Archery_g02_c05,val
Archery,v_Archery_g02_c06,val
Archery,v_Archery_g02_c07,val
Archery,v_Archery_g03_c01,val
Archery,v_Archery_g03_c02,val
Archery,v_Archery_g03_c03,val
Archery,v_Archery_g03_c04,val
Archery,v_Archery_g03_c05,val
Archery,v_Archery_g04_c01,val
Archery,v_Archery_g04_c02,val
Archery,v_Archery_g04_c03,val
Archery,v_Archery_g04_c04,val
Archery,v_Archery_g04_c05,val
Archery,v_Archery_g05_c01,val
Archery,v_Archery_g05_c02,val
Archery,v_Archery_g05_c03,val
Archery,v_Archery_g05_c04,val
Archery,v_Archery_g05_c05,val
Archery,v_Archery_g06_c01,val
Archery,v_Archery_g06_c02,val
Archery,v_Archery_g06_c03,val
Archery,v_Archery_g06_c04,val
Archery,v_Archery_g06_c05,val
Archery,v_Archery_g06_c06,val
Archery,v_Archery_g07_c01,val
Archery,v_Archery_g07_c02,val
Archery,v_Archery_g07_c03,val
Archery,v_Archery_g07_c04,val
Archery,v_Archery_g07_c05,val
Archery,v_Archery_g07_c06,val
BabyCrawling,v_BabyCrawling_g01_c01,val
BabyCrawling,v_BabyCrawling_g01_c02,val
BabyCrawling,v_BabyCrawling_g01_c03,val
BabyCrawling,v_BabyCrawling_g01_c04,val
BabyCrawling,v_BabyCrawling_g02_c01,val
BabyCrawling,v_BabyCrawling_g02_c02,val
BabyCrawling,v_BabyCrawling_g02_c03,val
BabyCrawling,v_BabyCrawling_g02_c04,val
BabyCrawling,v_BabyCrawling_g02_c05,val
BabyCrawling,v_BabyCrawling_g02_c06,val
BabyCrawling,v_BabyCrawling_g03_c01,val
BabyCrawling,v_BabyCrawling_g03_c02,val
BabyCrawling,v_BabyCrawling_g03_c03,val
BabyCrawling,v_BabyCrawling_g03_c04,val
BabyCrawling,v_BabyCrawling_g04_c01,val
BabyCrawling,v_BabyCrawling_g04_c02,val
BabyCrawling,v_BabyCrawling_g04_c03,val
BabyCrawling,v_BabyCrawling_g04_c04,val
BabyCrawling,v_BabyCrawling_g05_c01,val
BabyCrawling,v_BabyCrawling_g05_c02,val
BabyCrawling,v_BabyCrawling_g05_c03,val
BabyCrawling,v_BabyCrawling_g05_c04,val
BabyCrawling,v_BabyCrawling_g05_c05,val
BabyCrawling,v_BabyCrawling_g06_c01,val
BabyCrawling,v_BabyCrawling_g06_c02,val
BabyCrawling,v_BabyCrawling_g06_c03,val
BabyCrawling,v_BabyCrawling_g06_c04,val
BabyCrawling,v_BabyCrawling_g06_c05,val
BabyCrawling,v_BabyCrawling_g06_c06,val
BabyCrawling,v_BabyCrawling_g07_c01,val
BabyCrawling,v_BabyCrawling_g07_c02,val
BabyCrawling,v_BabyCrawling_g07_c03,val
BabyCrawling,v_BabyCrawling_g07_c04,val
BabyCrawling,v_BabyCrawling_g07_c05,val
BabyCrawling,v_BabyCrawling_g07_c06,val
BalanceBeam,v_BalanceBeam_g01_c01,val
BalanceBeam,v_BalanceBeam_g01_c02,val
BalanceBeam,v_BalanceBeam_g01_c03,val
BalanceBeam,v_BalanceBeam_g01_c04,val
BalanceBeam,v_BalanceBeam_g02_c01,val
BalanceBeam,v_BalanceBeam_g02_c02,val
BalanceBeam,v_BalanceBeam_g02_c03,val
BalanceBeam,v_BalanceBeam_g02_c04,val
BalanceBeam,v_BalanceBeam_g03_c01,val
BalanceBeam,v_BalanceBeam_g03_c02,val
BalanceBeam,v_BalanceBeam_g03_c03,val
BalanceBeam,v_BalanceBeam_g03_c04,val
BalanceBeam,v_BalanceBeam_g04_c01,val
BalanceBeam,v_BalanceBeam_g04_c02,val
BalanceBeam,v_BalanceBeam_g04_c03,val
BalanceBeam,v_BalanceBeam_g04_c04,val
BalanceBeam,v_BalanceBeam_g05_c01,val
BalanceBeam,v_BalanceBeam_g05_c02,val
BalanceBeam,v_BalanceBeam_g05_c03,val
BalanceBeam,v_BalanceBeam_g05_c04,val
BalanceBeam,v_BalanceBeam_g06_c01,val
BalanceBeam,v_BalanceBeam_g06_c02,val
BalanceBeam,v_BalanceBeam_g06_c03,val
BalanceBeam,v_BalanceBeam_g06_c04,val
BalanceBeam,v_BalanceBeam_g06_c05,val
BalanceBeam,v_BalanceBeam_g06_c06,val
BalanceBeam,v_BalanceBeam_g06_c07,val
BalanceBeam,v_BalanceBeam_g07_c01,val
BalanceBeam,v_BalanceBeam_g07_c02,val
BalanceBeam,v_BalanceBeam_g07_c03,val
BalanceBeam,v_BalanceBeam_g07_c04,val
BandMarching,v_BandMarching_g01_c01,val
BandMarching,v_BandMarching_g01_c02,val
BandMarching,v_BandMarching_g01_c03,val
BandMarching,v_BandMarching_g01_c04,val
BandMarching,v_BandMarching_g01_c05,val
BandMarching,v_BandMarching_g01_c06,val
BandMarching,v_BandMarching_g01_c07,val
BandMarching,v_BandMarching_g02_c01,val
BandMarching,v_BandMarching_g02_c02,val
BandMarching,v_BandMarching_g02_c03,val
BandMarching,v_BandMarching_g02_c04,val
BandMarching,v_BandMarching_g02_c05,val
BandMarching,v_BandMarching_g02_c06,val
BandMarching,v_BandMarching_g02_c07,val
BandMarching,v_BandMarching_g03_c01,val
BandMarching,v_BandMarching_g03_c02,val
BandMarching,v_BandMarching_g03_c03,val
BandMarching,v_BandMarching_g03_c04,val
BandMarching,v_BandMarching_g03_c05,val
BandMarching,v_BandMarching_g03_c06,val
BandMarching,v_BandMarching_g03_c07,val
BandMarching,v_BandMarching_g04_c01,val
BandMarching,v_BandMarching_g04_c02,val
BandMarching,v_BandMarching_g04_c03,val
BandMarching,v_BandMarching_g04_c04,val
BandMarching,v_BandMarching_g05_c01,val
BandMarching,v_BandMarching_g05_c02,val
BandMarching,v_BandMarching_g05_c03,val
BandMarching,v_BandMarching_g05_c04,val
BandMarching,v_BandMarching_g05_c05,val
BandMarching,v_BandMarching_g05_c06,val
BandMarching,v_BandMarching_g05_c07,val
BandMarching,v_BandMarching_g06_c01,val
BandMarching,v_BandMarching_g06_c02,val
BandMarching,v_BandMarching_g06_c03,val
BandMarching,v_BandMarching_g06_c04,val
BandMarching,v_BandMarching_g07_c01,val
BandMarching,v_BandMarching_g07_c02,val
BandMarching,v_BandMarching_g07_c03,val
BandMarching,v_BandMarching_g07_c04,val
BandMarching,v_BandMarching_g07_c05,val
BandMarching,v_BandMarching_g07_c06,val
BandMarching,v_BandMarching_g07_c07,val
BaseballPitch,v_BaseballPitch_g01_c01,val
BaseballPitch,v_BaseballPitch_g01_c02,val
BaseballPitch,v_BaseballPitch_g01_c03,val
BaseballPitch,v_BaseballPitch_g01_c04,val
BaseballPitch,v_BaseballPitch_g01_c05,val
BaseballPitch,v_BaseballPitch_g01_c06,val
BaseballPitch,v_BaseballPitch_g02_c01,val
BaseballPitch,v_BaseballPitch_g02_c02,val
BaseballPitch,v_BaseballPitch_g02_c03,val
BaseballPitch,v_BaseballPitch_g02_c04,val
BaseballPitch,v_BaseballPitch_g03_c01,val
BaseballPitch,v_BaseballPitch_g03_c02,val
BaseballPitch,v_BaseballPitch_g03_c03,val
BaseballPitch,v_BaseballPitch_g03_c04,val
BaseballPitch,v_BaseballPitch_g03_c05,val
BaseballPitch,v_BaseballPitch_g03_c06,val
BaseballPitch,v_BaseballPitch_g03_c07,val
BaseballPitch,v_BaseballPitch_g04_c01,val
BaseballPitch,v_BaseballPitch_g04_c02,val
BaseballPitch,v_BaseballPitch_g04_c03,val
BaseballPitch,v_BaseballPitch_g04_c04,val
BaseballPitch,v_BaseballPitch_g04_c05,val
BaseballPitch,v_BaseballPitch_g05_c01,val
BaseballPitch,v_BaseballPitch_g05_c02,val
BaseballPitch,v_BaseballPitch_g05_c03,val
BaseballPitch,v_BaseballPitch_g05_c04,val
BaseballPitch,v_BaseballPitch_g05_c05,val
BaseballPitch,v_BaseballPitch_g05_c06,val
BaseballPitch,v_BaseballPitch_g05_c07,val
BaseballPitch,v_BaseballPitch_g06_c01,val
BaseballPitch,v_BaseballPitch_g06_c02,val
BaseballPitch,v_BaseballPitch_g06_c03,val
BaseballPitch,v_BaseballPitch_g06_c04,val
BaseballPitch,v_BaseballPitch_g06_c05,val
BaseballPitch,v_BaseballPitch_g06_c06,val
BaseballPitch,v_BaseballPitch_g06_c07,val
BaseballPitch,v_BaseballPitch_g07_c01,val
BaseballPitch,v_BaseballPitch_g07_c02,val
BaseballPitch,v_BaseballPitch_g07_c03,val
BaseballPitch,v_BaseballPitch_g07_c04,val
BaseballPitch,v_BaseballPitch_g07_c05,val
BaseballPitch,v_BaseballPitch_g07_c06,val
BaseballPitch,v_BaseballPitch_g07_c07,val
Basketball,v_Basketball_g01_c01,val
Basketball,v_Basketball_g01_c02,val
Basketball,v_Basketball_g01_c03,val
Basketball,v_Basketball_g01_c04,val
Basketball,v_Basketball_g01_c05,val
Basketball,v_Basketball_g01_c06,val
Basketball,v_Basketball_g01_c07,val
Basketball,v_Basketball_g02_c01,val
Basketball,v_Basketball_g02_c02,val
Basketball,v_Basketball_g02_c03,val
Basketball,v_Basketball_g02_c04,val
Basketball,v_Basketball_g02_c05,val
Basketball,v_Basketball_g02_c06,val
Basketball,v_Basketball_g03_c01,val
Basketball,v_Basketball_g03_c02,val
Basketball,v_Basketball_g03_c03,val
Basketball,v_Basketball_g03_c04,val
Basketball,v_Basketball_g03_c05,val
Basketball,v_Basketball_g03_c06,val
Basketball,v_Basketball_g04_c01,val
Basketball,v_Basketball_g04_c02,val
Basketball,v_Basketball_g04_c03,val
Basketball,v_Basketball_g04_c04,val
Basketball,v_Basketball_g05_c01,val
Basketball,v_Basketball_g05_c02,val
Basketball,v_Basketball_g05_c03,val
Basketball,v_Basketball_g05_c04,val
Basketball,v_Basketball_g06_c01,val
Basketball,v_Basketball_g06_c02,val
Basketball,v_Basketball_g06_c03,val
Basketball,v_Basketball_g06_c04,val
Basketball,v_Basketball_g07_c01,val
Basketball,v_Basketball_g07_c02,val
Basketball,v_Basketball_g07_c03,val
Basketball,v_Basketball_g07_c04,val
BasketballDunk,v_BasketballDunk_g01_c01,val
BasketballDunk,v_BasketballDunk_g01_c02,val
BasketballDunk,v_BasketballDunk_g01_c03,val
BasketballDunk,v_BasketballDunk_g01_c04,val
BasketballDunk,v_BasketballDunk_g01_c05,val
BasketballDunk,v_BasketballDunk_g01_c06,val
BasketballDunk,v_BasketballDunk_g01_c07,val
BasketballDunk,v_BasketballDunk_g02_c01,val
BasketballDunk,v_BasketballDunk_g02_c02,val
BasketballDunk,v_BasketballDunk_g02_c03,val
BasketballDunk,v_BasketballDunk_g02_c04,val
BasketballDunk,v_BasketballDunk_g03_c01,val
BasketballDunk,v_BasketballDunk_g03_c02,val
BasketballDunk,v_BasketballDunk_g03_c03,val
BasketballDunk,v_BasketballDunk_g03_c04,val
BasketballDunk,v_BasketballDunk_g03_c05,val
BasketballDunk,v_BasketballDunk_g03_c06,val
BasketballDunk,v_BasketballDunk_g04_c01,val
BasketballDunk,v_BasketballDunk_g04_c02,val
BasketballDunk,v_BasketballDunk_g04_c03,val
BasketballDunk,v_BasketballDunk_g04_c04,val
BasketballDunk,v_BasketballDunk_g05_c01,val
BasketballDunk,v_BasketballDunk_g05_c02,val
BasketballDunk,v_BasketballDunk_g05_c03,val
BasketballDunk,v_BasketballDunk_g05_c04,val
BasketballDunk,v_BasketballDunk_g05_c05,val
BasketballDunk,v_BasketballDunk_g05_c06,val
BasketballDunk,v_BasketballDunk_g06_c01,val
BasketballDunk,v_BasketballDunk_g06_c02,val
BasketballDunk,v_BasketballDunk_g06_c03,val
BasketballDunk,v_BasketballDunk_g06_c04,val
BasketballDunk,v_BasketballDunk_g07_c01,val
BasketballDunk,v_BasketballDunk_g07_c02,val
BasketballDunk,v_BasketballDunk_g07_c03,val
BasketballDunk,v_BasketballDunk_g07_c04,val
BasketballDunk,v_BasketballDunk_g07_c05,val
BasketballDunk,v_BasketballDunk_g07_c06,val
BenchPress,v_BenchPress_g01_c01,val
BenchPress,v_BenchPress_g01_c02,val
BenchPress,v_BenchPress_g01_c03,val
BenchPress,v_BenchPress_g01_c04,val
BenchPress,v_BenchPress_g01_c05,val
BenchPress,v_BenchPress_g01_c06,val
BenchPress,v_BenchPress_g02_c01,val
BenchPress,v_BenchPress_g02_c02,val
BenchPress,v_BenchPress_g02_c03,val
BenchPress,v_BenchPress_g02_c04,val
BenchPress,v_BenchPress_g02_c05,val
BenchPress,v_BenchPress_g02_c06,val
BenchPress,v_BenchPress_g02_c07,val
BenchPress,v_BenchPress_g03_c01,val
BenchPress,v_BenchPress_g03_c02,val
BenchPress,v_BenchPress_g03_c03,val
BenchPress,v_BenchPress_g03_c04,val
BenchPress,v_BenchPress_g03_c05,val
BenchPress,v_BenchPress_g03_c06,val
BenchPress,v_BenchPress_g03_c07,val
BenchPress,v_BenchPress_g04_c01,val
BenchPress,v_BenchPress_g04_c02,val
BenchPress,v_BenchPress_g04_c03,val
BenchPress,v_BenchPress_g04_c04,val
BenchPress,v_BenchPress_g04_c05,val
BenchPress,v_BenchPress_g04_c06,val
BenchPress,v_BenchPress_g04_c07,val
BenchPress,v_BenchPress_g05_c01,val
BenchPress,v_BenchPress_g05_c02,val
BenchPress,v_BenchPress_g05_c03,val
BenchPress,v_BenchPress_g05_c04,val
BenchPress,v_BenchPress_g05_c05,val
BenchPress,v_BenchPress_g05_c06,val
BenchPress,v_BenchPress_g05_c07,val
BenchPress,v_BenchPress_g06_c01,val
BenchPress,v_BenchPress_g06_c02,val
BenchPress,v_BenchPress_g06_c03,val
BenchPress,v_BenchPress_g06_c04,val
BenchPress,v_BenchPress_g06_c05,val
BenchPress,v_BenchPress_g06_c06,val
BenchPress,v_BenchPress_g06_c07,val
BenchPress,v_BenchPress_g07_c01,val
BenchPress,v_BenchPress_g07_c02,val
BenchPress,v_BenchPress_g07_c03,val
BenchPress,v_BenchPress_g07_c04,val
BenchPress,v_BenchPress_g07_c05,val
BenchPress,v_BenchPress_g07_c06,val
BenchPress,v_BenchPress_g07_c07,val
Biking,v_Biking_g01_c01,val
Biking,v_Biking_g01_c02,val
Biking,v_Biking_g01_c03,val
Biking,v_Biking_g01_c04,val
Biking,v_Biking_g02_c01,val
Biking,v_Biking_g02_c02,val
Biking,v_Biking_g02_c03,val
Biking,v_Biking_g02_c04,val
Biking,v_Biking_g02_c05,val
Biking,v_Biking_g02_c06,val
Biking,v_Biking_g02_c07,val
Biking,v_Biking_g03_c01,val
Biking,v_Biking_g03_c02,val
Biking,v_Biking_g03_c03,val
Biking,v_Biking_g03_c04,val
Biking,v_Biking_g04_c01,val
Biking,v_Biking_g04_c02,val
Biking,v_Biking_g04_c03,val
Biking,v_Biking_g04_c04,val
Biking,v_Biking_g04_c05,val
Biking,v_Biking_g05_c01,val
Biking,v_Biking_g05_c02,val
Biking,v_Biking_g05_c03,val
Biking,v_Biking_g05_c04,val
Biking,v_Biking_g05_c05,val
Biking,v_Biking_g05_c06,val
Biking,v_Biking_g05_c07,val
Biking,v_Biking_g06_c01,val
Biking,v_Biking_g06_c02,val
Biking,v_Biking_g06_c03,val
Biking,v_Biking_g06_c04,val
Biking,v_Biking_g06_c05,val
Biking,v_Biking_g07_c01,val
Biking,v_Biking_g07_c02,val
Biking,v_Biking_g07_c03,val
Biking,v_Biking_g07_c04,val
Biking,v_Biking_g07_c05,val
Biking,v_Biking_g07_c06,val
Billiards,v_Billiards_g01_c01,val
Billiards,v_Billiards_g01_c02,val
Billiards,v_Billiards_g01_c03,val
Billiards,v_Billiards_g01_c04,val
Billiards,v_Billiards_g01_c05,val
Billiards,v_Billiards_g01_c06,val
Billiards,v_Billiards_g02_c01,val
Billiards,v_Billiards_g02_c02,val
Billiards,v_Billiards_g02_c03,val
Billiards,v_Billiards_g02_c04,val
Billiards,v_Billiards_g02_c05,val
Billiards,v_Billiards_g02_c06,val
Billiards,v_Billiards_g02_c07,val
Billiards,v_Billiards_g03_c01,val
Billiards,v_Billiards_g03_c02,val
Billiards,v_Billiards_g03_c03,val
Billiards,v_Billiards_g03_c04,val
Billiards,v_Billiards_g03_c05,val
Billiards,v_Billiards_g04_c01,val
Billiards,v_Billiards_g04_c02,val
Billiards,v_Billiards_g04_c03,val
Billiards,v_Billiards_g04_c04,val
Billiards,v_Billiards_g04_c05,val
Billiards,v_Billiards_g04_c06,val
Billiards,v_Billiards_g04_c07,val
Billiards,v_Billiards_g05_c01,val
Billiards,v_Billiards_g05_c02,val
Billiards,v_Billiards_g05_c03,val
Billiards,v_Billiards_g05_c04,val
Billiards,v_Billiards_g05_c05,val
Billiards,v_Billiards_g05_c06,val
Billiards,v_Billiards_g06_c01,val
Billiards,v_Billiards_g06_c02,val
Billiards,v_Billiards_g06_c03,val
Billiards,v_Billiards_g06_c04,val
Billiards,v_Billiards_g06_c05,val
Billiards,v_Billiards_g07_c01,val
Billiards,v_Billiards_g07_c02,val
Billiards,v_Billiards_g07_c03,val
Billiards,v_Billiards_g07_c04,val
BlowDryHair,v_BlowDryHair_g01_c01,val
BlowDryHair,v_BlowDryHair_g01_c02,val
BlowDryHair,v_BlowDryHair_g01_c03,val
BlowDryHair,v_BlowDryHair_g01_c04,val
BlowDryHair,v_BlowDryHair_g02_c01,val
BlowDryHair,v_BlowDryHair_g02_c02,val
BlowDryHair,v_BlowDryHair_g02_c03,val
BlowDryHair,v_BlowDryHair_g02_c04,val
BlowDryHair,v_BlowDryHair_g02_c05,val
BlowDryHair,v_BlowDryHair_g03_c01,val
BlowDryHair,v_BlowDryHair_g03_c02,val
BlowDryHair,v_BlowDryHair_g03_c03,val
BlowDryHair,v_BlowDryHair_g03_c04,val
BlowDryHair,v_BlowDryHair_g03_c05,val
BlowDryHair,v_BlowDryHair_g04_c01,val
BlowDryHair,v_BlowDryHair_g04_c02,val
BlowDryHair,v_BlowDryHair_g04_c03,val
BlowDryHair,v_BlowDryHair_g04_c04,val
BlowDryHair,v_BlowDryHair_g04_c05,val
BlowDryHair,v_BlowDryHair_g05_c01,val
BlowDryHair,v_BlowDryHair_g05_c02,val
BlowDryHair,v_BlowDryHair_g05_c03,val
BlowDryHair,v_BlowDryHair_g05_c04,val
BlowDryHair,v_BlowDryHair_g05_c05,val
BlowDryHair,v_BlowDryHair_g06_c01,val
BlowDryHair,v_BlowDryHair_g06_c02,val
BlowDryHair,v_BlowDryHair_g06_c03,val
BlowDryHair,v_BlowDryHair_g06_c04,val
BlowDryHair,v_BlowDryHair_g06_c05,val
BlowDryHair,v_BlowDryHair_g06_c06,val
BlowDryHair,v_BlowDryHair_g06_c07,val
BlowDryHair,v_BlowDryHair_g07_c01,val
BlowDryHair,v_BlowDryHair_g07_c02,val
BlowDryHair,v_BlowDryHair_g07_c03,val
BlowDryHair,v_BlowDryHair_g07_c04,val
BlowDryHair,v_BlowDryHair_g07_c05,val
BlowDryHair,v_BlowDryHair_g07_c06,val
BlowDryHair,v_BlowDryHair_g07_c07,val
BlowingCandles,v_BlowingCandles_g01_c01,val
BlowingCandles,v_BlowingCandles_g01_c02,val
BlowingCandles,v_BlowingCandles_g01_c03,val
BlowingCandles,v_BlowingCandles_g01_c04,val
BlowingCandles,v_BlowingCandles_g02_c01,val
BlowingCandles,v_BlowingCandles_g02_c02,val
BlowingCandles,v_BlowingCandles_g02_c03,val
BlowingCandles,v_BlowingCandles_g02_c04,val
BlowingCandles,v_BlowingCandles_g03_c01,val
BlowingCandles,v_BlowingCandles_g03_c02,val
BlowingCandles,v_BlowingCandles_g03_c03,val
BlowingCandles,v_BlowingCandles_g03_c04,val
BlowingCandles,v_BlowingCandles_g04_c01,val
BlowingCandles,v_BlowingCandles_g04_c02,val
BlowingCandles,v_BlowingCandles_g04_c03,val
BlowingCandles,v_BlowingCandles_g04_c04,val
BlowingCandles,v_BlowingCandles_g04_c05,val
BlowingCandles,v_BlowingCandles_g05_c01,val
BlowingCandles,v_BlowingCandles_g05_c02,val
BlowingCandles,v_BlowingCandles_g05_c03,val
BlowingCandles,v_BlowingCandles_g05_c04,val
BlowingCandles,v_BlowingCandles_g05_c05,val
BlowingCandles,v_BlowingCandles_g06_c01,val
BlowingCandles,v_BlowingCandles_g06_c02,val
BlowingCandles,v_BlowingCandles_g06_c03,val
BlowingCandles,v_BlowingCandles_g06_c04,val
BlowingCandles,v_BlowingCandles_g06_c05,val
BlowingCandles,v_BlowingCandles_g06_c06,val
BlowingCandles,v_BlowingCandles_g06_c07,val
BlowingCandles,v_BlowingCandles_g07_c01,val
BlowingCandles,v_BlowingCandles_g07_c02,val
BlowingCandles,v_BlowingCandles_g07_c03,val
BlowingCandles,v_BlowingCandles_g07_c04,val
BodyWeightSquats,v_BodyWeightSquats_g01_c01,val
BodyWeightSquats,v_BodyWeightSquats_g01_c02,val
BodyWeightSquats,v_BodyWeightSquats_g01_c03,val
BodyWeightSquats,v_BodyWeightSquats_g01_c04,val
BodyWeightSquats,v_BodyWeightSquats_g02_c01,val
BodyWeightSquats,v_BodyWeightSquats_g02_c02,val
BodyWeightSquats,v_BodyWeightSquats_g02_c03,val
BodyWeightSquats,v_BodyWeightSquats_g02_c04,val
BodyWeightSquats,v_BodyWeightSquats_g03_c01,val
BodyWeightSquats,v_BodyWeightSquats_g03_c02,val
BodyWeightSquats,v_BodyWeightSquats_g03_c03,val
BodyWeightSquats,v_BodyWeightSquats_g03_c04,val
BodyWeightSquats,v_BodyWeightSquats_g03_c05,val
BodyWeightSquats,v_BodyWeightSquats_g04_c01,val
BodyWeightSquats,v_BodyWeightSquats_g04_c02,val
BodyWeightSquats,v_BodyWeightSquats_g04_c03,val
BodyWeightSquats,v_BodyWeightSquats_g04_c04,val
BodyWeightSquats,v_BodyWeightSquats_g05_c01,val
BodyWeightSquats,v_BodyWeightSquats_g05_c02,val
BodyWeightSquats,v_BodyWeightSquats_g05_c03,val
BodyWeightSquats,v_BodyWeightSquats_g05_c04,val
BodyWeightSquats,v_BodyWeightSquats_g06_c01,val
BodyWeightSquats,v_BodyWeightSquats_g06_c02,val
BodyWeightSquats,v_BodyWeightSquats_g06_c03,val
BodyWeightSquats,v_BodyWeightSquats_g06_c04,val
BodyWeightSquats,v_BodyWeightSquats_g06_c05,val
BodyWeightSquats,v_BodyWeightSquats_g07_c01,val
BodyWeightSquats,v_BodyWeightSquats_g07_c02,val
BodyWeightSquats,v_BodyWeightSquats_g07_c03,val
BodyWeightSquats,v_BodyWeightSquats_g07_c04,val
Bowling,v_Bowling_g01_c01,val
Bowling,v_Bowling_g01_c02,val
Bowling,v_Bowling_g01_c03,val
Bowling,v_Bowling_g01_c04,val
Bowling,v_Bowling_g01_c05,val
Bowling,v_Bowling_g01_c06,val
Bowling,v_Bowling_g01_c07,val
Bowling,v_Bowling_g02_c01,val
Bowling,v_Bowling_g02_c02,val
Bowling,v_Bowling_g02_c03,val
Bowling,v_Bowling_g02_c04,val
Bowling,v_Bowling_g03_c01,val
Bowling,v_Bowling_g03_c02,val
Bowling,v_Bowling_g03_c03,val
Bowling,v_Bowling_g03_c04,val
Bowling,v_Bowling_g03_c05,val
Bowling,v_Bowling_g03_c06,val
Bowling,v_Bowling_g03_c07,val
Bowling,v_Bowling_g04_c01,val
Bowling,v_Bowling_g04_c02,val
Bowling,v_Bowling_g04_c03,val
Bowling,v_Bowling_g04_c04,val
Bowling,v_Bowling_g05_c01,val
Bowling,v_Bowling_g05_c02,val
Bowling,v_Bowling_g05_c03,val
Bowling,v_Bowling_g05_c04,val
Bowling,v_Bowling_g05_c05,val
Bowling,v_Bowling_g05_c06,val
Bowling,v_Bowling_g05_c07,val
Bowling,v_Bowling_g06_c01,val
Bowling,v_Bowling_g06_c02,val
Bowling,v_Bowling_g06_c03,val
Bowling,v_Bowling_g06_c04,val
Bowling,v_Bowling_g06_c05,val
Bowling,v_Bowling_g06_c06,val
Bowling,v_Bowling_g06_c07,val
Bowling,v_Bowling_g07_c01,val
Bowling,v_Bowling_g07_c02,val
Bowling,v_Bowling_g07_c03,val
Bowling,v_Bowling_g07_c04,val
Bowling,v_Bowling_g07_c05,val
Bowling,v_Bowling_g07_c06,val
Bowling,v_Bowling_g07_c07,val
BoxingPunchingBag,v_BoxingPunchingBag_g01_c01,val
BoxingPunchingBag,v_BoxingPunchingBag_g01_c02,val
BoxingPunchingBag,v_BoxingPunchingBag_g01_c03,val
BoxingPunchingBag,v_BoxingPunchingBag_g01_c04,val
BoxingPunchingBag,v_BoxingPunchingBag_g01_c05,val
BoxingPunchingBag,v_BoxingPunchingBag_g01_c06,val
BoxingPunchingBag,v_BoxingPunchingBag_g01_c07,val
BoxingPunchingBag,v_BoxingPunchingBag_g02_c01,val
BoxingPunchingBag,v_BoxingPunchingBag_g02_c02,val
BoxingPunchingBag,v_BoxingPunchingBag_g02_c03,val
BoxingPunchingBag,v_BoxingPunchingBag_g02_c04,val
BoxingPunchingBag,v_BoxingPunchingBag_g02_c05,val
BoxingPunchingBag,v_BoxingPunchingBag_g02_c06,val
BoxingPunchingBag,v_BoxingPunchingBag_g02_c07,val
BoxingPunchingBag,v_BoxingPunchingBag_g03_c01,val
BoxingPunchingBag,v_BoxingPunchingBag_g03_c02,val
BoxingPunchingBag,v_BoxingPunchingBag_g03_c03,val
BoxingPunchingBag,v_BoxingPunchingBag_g03_c04,val
BoxingPunchingBag,v_BoxingPunchingBag_g03_c05,val
BoxingPunchingBag,v_BoxingPunchingBag_g03_c06,val
BoxingPunchingBag,v_BoxingPunchingBag_g03_c07,val
BoxingPunchingBag,v_BoxingPunchingBag_g04_c01,val
BoxingPunchingBag,v_BoxingPunchingBag_g04_c02,val
BoxingPunchingBag,v_BoxingPunchingBag_g04_c03,val
BoxingPunchingBag,v_BoxingPunchingBag_g04_c04,val
BoxingPunchingBag,v_BoxingPunchingBag_g04_c05,val
BoxingPunchingBag,v_BoxingPunchingBag_g04_c06,val
BoxingPunchingBag,v_BoxingPunchingBag_g04_c07,val
BoxingPunchingBag,v_BoxingPunchingBag_g05_c01,val
BoxingPunchingBag,v_BoxingPunchingBag_g05_c02,val
BoxingPunchingBag,v_BoxingPunchingBag_g05_c03,val
BoxingPunchingBag,v_BoxingPunchingBag_g05_c04,val
BoxingPunchingBag,v_BoxingPunchingBag_g05_c05,val
BoxingPunchingBag,v_BoxingPunchingBag_g05_c06,val
BoxingPunchingBag,v_BoxingPunchingBag_g05_c07,val
BoxingPunchingBag,v_BoxingPunchingBag_g06_c01,val
BoxingPunchingBag,v_BoxingPunchingBag_g06_c02,val
BoxingPunchingBag,v_BoxingPunchingBag_g06_c03,val
BoxingPunchingBag,v_BoxingPunchingBag_g06_c04,val
BoxingPunchingBag,v_BoxingPunchingBag_g06_c05,val
BoxingPunchingBag,v_BoxingPunchingBag_g06_c06,val
BoxingPunchingBag,v_BoxingPunchingBag_g06_c07,val
BoxingPunchingBag,v_BoxingPunchingBag_g07_c01,val
BoxingPunchingBag,v_BoxingPunchingBag_g07_c02,val
BoxingPunchingBag,v_BoxingPunchingBag_g07_c03,val
BoxingPunchingBag,v_BoxingPunchingBag_g07_c04,val
BoxingPunchingBag,v_BoxingPunchingBag_g07_c05,val
BoxingPunchingBag,v_BoxingPunchingBag_g07_c06,val
BoxingPunchingBag,v_BoxingPunchingBag_g07_c07,val
BoxingSpeedBag,v_BoxingSpeedBag_g01_c01,val
BoxingSpeedBag,v_BoxingSpeedBag_g01_c02,val
BoxingSpeedBag,v_BoxingSpeedBag_g01_c03,val
BoxingSpeedBag,v_BoxingSpeedBag_g01_c04,val
BoxingSpeedBag,v_BoxingSpeedBag_g02_c01,val
BoxingSpeedBag,v_BoxingSpeedBag_g02_c02,val
BoxingSpeedBag,v_BoxingSpeedBag_g02_c03,val
BoxingSpeedBag,v_BoxingSpeedBag_g02_c04,val
BoxingSpeedBag,v_BoxingSpeedBag_g03_c01,val
BoxingSpeedBag,v_BoxingSpeedBag_g03_c02,val
BoxingSpeedBag,v_BoxingSpeedBag_g03_c03,val
BoxingSpeedBag,v_BoxingSpeedBag_g03_c04,val
BoxingSpeedBag,v_BoxingSpeedBag_g03_c05,val
BoxingSpeedBag,v_BoxingSpeedBag_g04_c01,val
BoxingSpeedBag,v_BoxingSpeedBag_g04_c02,val
BoxingSpeedBag,v_BoxingSpeedBag_g04_c03,val
BoxingSpeedBag,v_BoxingSpeedBag_g04_c04,val
BoxingSpeedBag,v_BoxingSpeedBag_g04_c05,val
BoxingSpeedBag,v_BoxingSpeedBag_g04_c06,val
BoxingSpeedBag,v_BoxingSpeedBag_g04_c07,val
BoxingSpeedBag,v_BoxingSpeedBag_g05_c01,val
BoxingSpeedBag,v_BoxingSpeedBag_g05_c02,val
BoxingSpeedBag,v_BoxingSpeedBag_g05_c03,val
BoxingSpeedBag,v_BoxingSpeedBag_g05_c04,val
BoxingSpeedBag,v_BoxingSpeedBag_g05_c05,val
BoxingSpeedBag,v_BoxingSpeedBag_g06_c01,val
BoxingSpeedBag,v_BoxingSpeedBag_g06_c02,val
BoxingSpeedBag,v_BoxingSpeedBag_g06_c03,val
BoxingSpeedBag,v_BoxingSpeedBag_g06_c04,val
BoxingSpeedBag,v_BoxingSpeedBag_g06_c05,val
BoxingSpeedBag,v_BoxingSpeedBag_g07_c01,val
BoxingSpeedBag,v_BoxingSpeedBag_g07_c02,val
BoxingSpeedBag,v_BoxingSpeedBag_g07_c03,val
BoxingSpeedBag,v_BoxingSpeedBag_g07_c04,val
BoxingSpeedBag,v_BoxingSpeedBag_g07_c05,val
BoxingSpeedBag,v_BoxingSpeedBag_g07_c06,val
BoxingSpeedBag,v_BoxingSpeedBag_g07_c07,val
BreastStroke,v_BreastStroke_g01_c01,val
BreastStroke,v_BreastStroke_g01_c02,val
BreastStroke,v_BreastStroke_g01_c03,val
BreastStroke,v_BreastStroke_g01_c04,val
BreastStroke,v_BreastStroke_g02_c01,val
BreastStroke,v_BreastStroke_g02_c02,val
BreastStroke,v_BreastStroke_g02_c03,val
BreastStroke,v_BreastStroke_g02_c04,val
BreastStroke,v_BreastStroke_g03_c01,val
BreastStroke,v_BreastStroke_g03_c02,val
BreastStroke,v_BreastStroke_g03_c03,val
BreastStroke,v_BreastStroke_g03_c04,val
BreastStroke,v_BreastStroke_g04_c01,val
BreastStroke,v_BreastStroke_g04_c02,val
BreastStroke,v_BreastStroke_g04_c03,val
BreastStroke,v_BreastStroke_g04_c04,val
BreastStroke,v_BreastStroke_g05_c01,val
BreastStroke,v_BreastStroke_g05_c02,val
BreastStroke,v_BreastStroke_g05_c03,val
BreastStroke,v_BreastStroke_g05_c04,val
BreastStroke,v_BreastStroke_g06_c01,val
BreastStroke,v_BreastStroke_g06_c02,val
BreastStroke,v_BreastStroke_g06_c03,val
BreastStroke,v_BreastStroke_g06_c04,val
BreastStroke,v_BreastStroke_g07_c01,val
BreastStroke,v_BreastStroke_g07_c02,val
BreastStroke,v_BreastStroke_g07_c03,val
BreastStroke,v_BreastStroke_g07_c04,val
BrushingTeeth,v_BrushingTeeth_g01_c01,val
BrushingTeeth,v_BrushingTeeth_g01_c02,val
BrushingTeeth,v_BrushingTeeth_g01_c03,val
BrushingTeeth,v_BrushingTeeth_g01_c04,val
BrushingTeeth,v_BrushingTeeth_g02_c01,val
BrushingTeeth,v_BrushingTeeth_g02_c02,val
BrushingTeeth,v_BrushingTeeth_g02_c03,val
BrushingTeeth,v_BrushingTeeth_g02_c04,val
BrushingTeeth,v_BrushingTeeth_g02_c05,val
BrushingTeeth,v_BrushingTeeth_g02_c06,val
BrushingTeeth,v_BrushingTeeth_g02_c07,val
BrushingTeeth,v_BrushingTeeth_g03_c01,val
BrushingTeeth,v_BrushingTeeth_g03_c02,val
BrushingTeeth,v_BrushingTeeth_g03_c03,val
BrushingTeeth,v_BrushingTeeth_g03_c04,val
BrushingTeeth,v_BrushingTeeth_g03_c05,val
BrushingTeeth,v_BrushingTeeth_g04_c01,val
BrushingTeeth,v_BrushingTeeth_g04_c02,val
BrushingTeeth,v_BrushingTeeth_g04_c03,val
BrushingTeeth,v_BrushingTeeth_g04_c04,val
BrushingTeeth,v_BrushingTeeth_g05_c01,val
BrushingTeeth,v_BrushingTeeth_g05_c02,val
BrushingTeeth,v_BrushingTeeth_g05_c03,val
BrushingTeeth,v_BrushingTeeth_g05_c04,val
BrushingTeeth,v_BrushingTeeth_g05_c05,val
BrushingTeeth,v_BrushingTeeth_g06_c01,val
BrushingTeeth,v_BrushingTeeth_g06_c02,val
BrushingTeeth,v_BrushingTeeth_g06_c03,val
BrushingTeeth,v_BrushingTeeth_g06_c04,val
BrushingTeeth,v_BrushingTeeth_g06_c05,val
BrushingTeeth,v_BrushingTeeth_g07_c01,val
BrushingTeeth,v_BrushingTeeth_g07_c02,val
BrushingTeeth,v_BrushingTeeth_g07_c03,val
BrushingTeeth,v_BrushingTeeth_g07_c04,val
BrushingTeeth,v_BrushingTeeth_g07_c05,val
BrushingTeeth,v_BrushingTeeth_g07_c06,val
CleanAndJerk,v_CleanAndJerk_g01_c01,val
CleanAndJerk,v_CleanAndJerk_g01_c02,val
CleanAndJerk,v_CleanAndJerk_g01_c03,val
CleanAndJerk,v_CleanAndJerk_g01_c04,val
CleanAndJerk,v_CleanAndJerk_g01_c05,val
CleanAndJerk,v_CleanAndJerk_g02_c01,val
CleanAndJerk,v_CleanAndJerk_g02_c02,val
CleanAndJerk,v_CleanAndJerk_g02_c03,val
CleanAndJerk,v_CleanAndJerk_g02_c04,val
CleanAndJerk,v_CleanAndJerk_g03_c01,val
CleanAndJerk,v_CleanAndJerk_g03_c02,val
CleanAndJerk,v_CleanAndJerk_g03_c03,val
CleanAndJerk,v_CleanAndJerk_g03_c04,val
CleanAndJerk,v_CleanAndJerk_g03_c05,val
CleanAndJerk,v_CleanAndJerk_g03_c06,val
CleanAndJerk,v_CleanAndJerk_g04_c01,val
CleanAndJerk,v_CleanAndJerk_g04_c02,val
CleanAndJerk,v_CleanAndJerk_g04_c03,val
CleanAndJerk,v_CleanAndJerk_g04_c04,val
CleanAndJerk,v_CleanAndJerk_g04_c05,val
CleanAndJerk,v_CleanAndJerk_g05_c01,val
CleanAndJerk,v_CleanAndJerk_g05_c02,val
CleanAndJerk,v_CleanAndJerk_g05_c03,val
CleanAndJerk,v_CleanAndJerk_g05_c04,val
CleanAndJerk,v_CleanAndJerk_g06_c01,val
CleanAndJerk,v_CleanAndJerk_g06_c02,val
CleanAndJerk,v_CleanAndJerk_g06_c03,val
CleanAndJerk,v_CleanAndJerk_g06_c04,val
CleanAndJerk,v_CleanAndJerk_g07_c01,val
CleanAndJerk,v_CleanAndJerk_g07_c02,val
CleanAndJerk,v_CleanAndJerk_g07_c03,val
CleanAndJerk,v_CleanAndJerk_g07_c04,val
CleanAndJerk,v_CleanAndJerk_g07_c05,val
CliffDiving,v_CliffDiving_g01_c01,val
CliffDiving,v_CliffDiving_g01_c02,val
CliffDiving,v_CliffDiving_g01_c03,val
CliffDiving,v_CliffDiving_g01_c04,val
CliffDiving,v_CliffDiving_g01_c05,val
CliffDiving,v_CliffDiving_g01_c06,val
CliffDiving,v_CliffDiving_g02_c01,val
CliffDiving,v_CliffDiving_g02_c02,val
CliffDiving,v_CliffDiving_g02_c03,val
CliffDiving,v_CliffDiving_g02_c04,val
CliffDiving,v_CliffDiving_g03_c01,val
CliffDiving,v_CliffDiving_g03_c02,val
CliffDiving,v_CliffDiving_g03_c03,val
CliffDiving,v_CliffDiving_g03_c04,val
CliffDiving,v_CliffDiving_g03_c05,val
CliffDiving,v_CliffDiving_g04_c01,val
CliffDiving,v_CliffDiving_g04_c02,val
CliffDiving,v_CliffDiving_g04_c03,val
CliffDiving,v_CliffDiving_g04_c04,val
CliffDiving,v_CliffDiving_g05_c01,val
CliffDiving,v_CliffDiving_g05_c02,val
CliffDiving,v_CliffDiving_g05_c03,val
CliffDiving,v_CliffDiving_g05_c04,val
CliffDiving,v_CliffDiving_g05_c05,val
CliffDiving,v_CliffDiving_g05_c06,val
CliffDiving,v_CliffDiving_g05_c07,val
CliffDiving,v_CliffDiving_g06_c01,val
CliffDiving,v_CliffDiving_g06_c02,val
CliffDiving,v_CliffDiving_g06_c03,val
CliffDiving,v_CliffDiving_g06_c04,val
CliffDiving,v_CliffDiving_g06_c05,val
CliffDiving,v_CliffDiving_g06_c06,val
CliffDiving,v_CliffDiving_g06_c07,val
CliffDiving,v_CliffDiving_g07_c01,val
CliffDiving,v_CliffDiving_g07_c02,val
CliffDiving,v_CliffDiving_g07_c03,val
CliffDiving,v_CliffDiving_g07_c04,val
CliffDiving,v_CliffDiving_g07_c05,val
CliffDiving,v_CliffDiving_g07_c06,val
CricketBowling,v_CricketBowling_g01_c01,val
CricketBowling,v_CricketBowling_g01_c02,val
CricketBowling,v_CricketBowling_g01_c03,val
CricketBowling,v_CricketBowling_g01_c04,val
CricketBowling,v_CricketBowling_g01_c05,val
CricketBowling,v_CricketBowling_g01_c06,val
CricketBowling,v_CricketBowling_g01_c07,val
CricketBowling,v_CricketBowling_g02_c01,val
CricketBowling,v_CricketBowling_g02_c02,val
CricketBowling,v_CricketBowling_g02_c03,val
CricketBowling,v_CricketBowling_g02_c04,val
CricketBowling,v_CricketBowling_g02_c05,val
CricketBowling,v_CricketBowling_g02_c06,val
CricketBowling,v_CricketBowling_g02_c07,val
CricketBowling,v_CricketBowling_g03_c01,val
CricketBowling,v_CricketBowling_g03_c02,val
CricketBowling,v_CricketBowling_g03_c03,val
CricketBowling,v_CricketBowling_g03_c04,val
CricketBowling,v_CricketBowling_g04_c01,val
CricketBowling,v_CricketBowling_g04_c02,val
CricketBowling,v_CricketBowling_g04_c03,val
CricketBowling,v_CricketBowling_g04_c04,val
CricketBowling,v_CricketBowling_g04_c05,val
CricketBowling,v_CricketBowling_g05_c01,val
CricketBowling,v_CricketBowling_g05_c02,val
CricketBowling,v_CricketBowling_g05_c03,val
CricketBowling,v_CricketBowling_g05_c04,val
CricketBowling,v_CricketBowling_g06_c01,val
CricketBowling,v_CricketBowling_g06_c02,val
CricketBowling,v_CricketBowling_g06_c03,val
CricketBowling,v_CricketBowling_g06_c04,val
CricketBowling,v_CricketBowling_g06_c05,val
CricketBowling,v_CricketBowling_g07_c01,val
CricketBowling,v_CricketBowling_g07_c02,val
CricketBowling,v_CricketBowling_g07_c03,val
CricketBowling,v_CricketBowling_g07_c04,val
CricketShot,v_CricketShot_g01_c01,val
CricketShot,v_CricketShot_g01_c02,val
CricketShot,v_CricketShot_g01_c03,val
CricketShot,v_CricketShot_g01_c04,val
CricketShot,v_CricketShot_g01_c05,val
CricketShot,v_CricketShot_g01_c06,val
CricketShot,v_CricketShot_g01_c07,val
CricketShot,v_CricketShot_g02_c01,val
CricketShot,v_CricketShot_g02_c02,val
CricketShot,v_CricketShot_g02_c03,val
CricketShot,v_CricketShot_g02_c04,val
CricketShot,v_CricketShot_g02_c05,val
CricketShot,v_CricketShot_g02_c06,val
CricketShot,v_CricketShot_g02_c07,val
CricketShot,v_CricketShot_g03_c01,val
CricketShot,v_CricketShot_g03_c02,val
CricketShot,v_CricketShot_g03_c03,val
CricketShot,v_CricketShot_g03_c04,val
CricketShot,v_CricketShot_g03_c05,val
CricketShot,v_CricketShot_g03_c06,val
CricketShot,v_CricketShot_g03_c07,val
CricketShot,v_CricketShot_g04_c01,val
CricketShot,v_CricketShot_g04_c02,val
CricketShot,v_CricketShot_g04_c03,val
CricketShot,v_CricketShot_g04_c04,val
CricketShot,v_CricketShot_g04_c05,val
CricketShot,v_CricketShot_g04_c06,val
CricketShot,v_CricketShot_g04_c07,val
CricketShot,v_CricketShot_g05_c01,val
CricketShot,v_CricketShot_g05_c02,val
CricketShot,v_CricketShot_g05_c03,val
CricketShot,v_CricketShot_g05_c04,val
CricketShot,v_CricketShot_g05_c05,val
CricketShot,v_CricketShot_g05_c06,val
CricketShot,v_CricketShot_g05_c07,val
CricketShot,v_CricketShot_g06_c01,val
CricketShot,v_CricketShot_g06_c02,val
CricketShot,v_CricketShot_g06_c03,val
CricketShot,v_CricketShot_g06_c04,val
CricketShot,v_CricketShot_g06_c05,val
CricketShot,v_CricketShot_g06_c06,val
CricketShot,v_CricketShot_g06_c07,val
CricketShot,v_CricketShot_g07_c01,val
CricketShot,v_CricketShot_g07_c02,val
CricketShot,v_CricketShot_g07_c03,val
CricketShot,v_CricketShot_g07_c04,val
CricketShot,v_CricketShot_g07_c05,val
CricketShot,v_CricketShot_g07_c06,val
CricketShot,v_CricketShot_g07_c07,val
CuttingInKitchen,v_CuttingInKitchen_g01_c01,val
CuttingInKitchen,v_CuttingInKitchen_g01_c02,val
CuttingInKitchen,v_CuttingInKitchen_g01_c03,val
CuttingInKitchen,v_CuttingInKitchen_g01_c04,val
CuttingInKitchen,v_CuttingInKitchen_g01_c05,val
CuttingInKitchen,v_CuttingInKitchen_g02_c01,val
CuttingInKitchen,v_CuttingInKitchen_g02_c02,val
CuttingInKitchen,v_CuttingInKitchen_g02_c03,val
CuttingInKitchen,v_CuttingInKitchen_g02_c04,val
CuttingInKitchen,v_CuttingInKitchen_g03_c01,val
CuttingInKitchen,v_CuttingInKitchen_g03_c02,val
CuttingInKitchen,v_CuttingInKitchen_g03_c03,val
CuttingInKitchen,v_CuttingInKitchen_g03_c04,val
CuttingInKitchen,v_CuttingInKitchen_g04_c01,val
CuttingInKitchen,v_CuttingInKitchen_g04_c02,val
CuttingInKitchen,v_CuttingInKitchen_g04_c03,val
CuttingInKitchen,v_CuttingInKitchen_g04_c04,val
CuttingInKitchen,v_CuttingInKitchen_g04_c05,val
CuttingInKitchen,v_CuttingInKitchen_g05_c01,val
CuttingInKitchen,v_CuttingInKitchen_g05_c02,val
CuttingInKitchen,v_CuttingInKitchen_g05_c03,val
CuttingInKitchen,v_CuttingInKitchen_g05_c04,val
CuttingInKitchen,v_CuttingInKitchen_g05_c05,val
CuttingInKitchen,v_CuttingInKitchen_g05_c06,val
CuttingInKitchen,v_CuttingInKitchen_g06_c01,val
CuttingInKitchen,v_CuttingInKitchen_g06_c02,val
CuttingInKitchen,v_CuttingInKitchen_g06_c03,val
CuttingInKitchen,v_CuttingInKitchen_g06_c04,val
CuttingInKitchen,v_CuttingInKitchen_g06_c05,val
CuttingInKitchen,v_CuttingInKitchen_g07_c01,val
CuttingInKitchen,v_CuttingInKitchen_g07_c02,val
CuttingInKitchen,v_CuttingInKitchen_g07_c03,val
CuttingInKitchen,v_CuttingInKitchen_g07_c04,val
Diving,v_Diving_g01_c01,val
Diving,v_Diving_g01_c02,val
Diving,v_Diving_g01_c03,val
Diving,v_Diving_g01_c04,val
Diving,v_Diving_g01_c05,val
Diving,v_Diving_g01_c06,val
Diving,v_Diving_g01_c07,val
Diving,v_Diving_g02_c01,val
Diving,v_Diving_g02_c02,val
Diving,v_Diving_g02_c03,val
Diving,v_Diving_g02_c04,val
Diving,v_Diving_g02_c05,val
Diving,v_Diving_g02_c06,val
Diving,v_Diving_g02_c07,val
Diving,v_Diving_g03_c01,val
Diving,v_Diving_g03_c02,val
Diving,v_Diving_g03_c03,val
Diving,v_Diving_g03_c04,val
Diving,v_Diving_g03_c05,val
Diving,v_Diving_g03_c06,val
Diving,v_Diving_g03_c07,val
Diving,v_Diving_g04_c01,val
Diving,v_Diving_g04_c02,val
Diving,v_Diving_g04_c03,val
Diving,v_Diving_g04_c04,val
Diving,v_Diving_g04_c05,val
Diving,v_Diving_g04_c06,val
Diving,v_Diving_g04_c07,val
Diving,v_Diving_g05_c01,val
Diving,v_Diving_g05_c02,val
Diving,v_Diving_g05_c03,val
Diving,v_Diving_g05_c04,val
Diving,v_Diving_g05_c05,val
Diving,v_Diving_g05_c06,val
Diving,v_Diving_g06_c01,val
Diving,v_Diving_g06_c02,val
Diving,v_Diving_g06_c03,val
Diving,v_Diving_g06_c04,val
Diving,v_Diving_g06_c05,val
Diving,v_Diving_g06_c06,val
Diving,v_Diving_g06_c07,val
Diving,v_Diving_g07_c01,val
Diving,v_Diving_g07_c02,val
Diving,v_Diving_g07_c03,val
Diving,v_Diving_g07_c04,val
Drumming,v_Drumming_g01_c01,val
Drumming,v_Drumming_g01_c02,val
Drumming,v_Drumming_g01_c03,val
Drumming,v_Drumming_g01_c04,val
Drumming,v_Drumming_g01_c05,val
Drumming,v_Drumming_g01_c06,val
Drumming,v_Drumming_g01_c07,val
Drumming,v_Drumming_g02_c01,val
Drumming,v_Drumming_g02_c02,val
Drumming,v_Drumming_g02_c03,val
Drumming,v_Drumming_g02_c04,val
Drumming,v_Drumming_g02_c05,val
Drumming,v_Drumming_g02_c06,val
Drumming,v_Drumming_g02_c07,val
Drumming,v_Drumming_g03_c01,val
Drumming,v_Drumming_g03_c02,val
Drumming,v_Drumming_g03_c03,val
Drumming,v_Drumming_g03_c04,val
Drumming,v_Drumming_g03_c05,val
Drumming,v_Drumming_g04_c01,val
Drumming,v_Drumming_g04_c02,val
Drumming,v_Drumming_g04_c03,val
Drumming,v_Drumming_g04_c04,val
Drumming,v_Drumming_g04_c05,val
Drumming,v_Drumming_g04_c06,val
Drumming,v_Drumming_g04_c07,val
Drumming,v_Drumming_g05_c01,val
Drumming,v_Drumming_g05_c02,val
Drumming,v_Drumming_g05_c03,val
Drumming,v_Drumming_g05_c04,val
Drumming,v_Drumming_g05_c05,val
Drumming,v_Drumming_g05_c06,val
Drumming,v_Drumming_g06_c01,val
Drumming,v_Drumming_g06_c02,val
Drumming,v_Drumming_g06_c03,val
Drumming,v_Drumming_g06_c04,val
Drumming,v_Drumming_g06_c05,val
Drumming,v_Drumming_g06_c06,val
Drumming,v_Drumming_g07_c01,val
Drumming,v_Drumming_g07_c02,val
Drumming,v_Drumming_g07_c03,val
Drumming,v_Drumming_g07_c04,val
Drumming,v_Drumming_g07_c05,val
Drumming,v_Drumming_g07_c06,val
Drumming,v_Drumming_g07_c07,val
Fencing,v_Fencing_g01_c01,val
Fencing,v_Fencing_g01_c02,val
Fencing,v_Fencing_g01_c03,val
Fencing,v_Fencing_g01_c04,val
Fencing,v_Fencing_g01_c05,val
Fencing,v_Fencing_g01_c06,val
Fencing,v_Fencing_g02_c01,val
Fencing,v_Fencing_g02_c02,val
Fencing,v_Fencing_g02_c03,val
Fencing,v_Fencing_g02_c04,val
Fencing,v_Fencing_g02_c05,val
Fencing,v_Fencing_g03_c01,val
Fencing,v_Fencing_g03_c02,val
Fencing,v_Fencing_g03_c03,val
Fencing,v_Fencing_g03_c04,val
Fencing,v_Fencing_g03_c05,val
Fencing,v_Fencing_g04_c01,val
Fencing,v_Fencing_g04_c02,val
Fencing,v_Fencing_g04_c03,val
Fencing,v_Fencing_g04_c04,val
Fencing,v_Fencing_g04_c05,val
Fencing,v_Fencing_g05_c01,val
Fencing,v_Fencing_g05_c02,val
Fencing,v_Fencing_g05_c03,val
Fencing,v_Fencing_g05_c04,val
Fencing,v_Fencing_g05_c05,val
Fencing,v_Fencing_g06_c01,val
Fencing,v_Fencing_g06_c02,val
Fencing,v_Fencing_g06_c03,val
Fencing,v_Fencing_g06_c04,val
Fencing,v_Fencing_g07_c01,val
Fencing,v_Fencing_g07_c02,val
Fencing,v_Fencing_g07_c03,val
Fencing,v_Fencing_g07_c04,val
FieldHockeyPenalty,v_FieldHockeyPenalty_g01_c01,val
FieldHockeyPenalty,v_FieldHockeyPenalty_g01_c02,val
FieldHockeyPenalty,v_FieldHockeyPenalty_g01_c03,val
FieldHockeyPenalty,v_FieldHockeyPenalty_g01_c04,val
FieldHockeyPenalty,v_FieldHockeyPenalty_g01_c05,val
FieldHockeyPenalty,v_FieldHockeyPenalty_g02_c01,val
FieldHockeyPenalty,v_FieldHockeyPenalty_g02_c02,val
FieldHockeyPenalty,v_FieldHockeyPenalty_g02_c03,val
FieldHockeyPenalty,v_FieldHockeyPenalty_g02_c04,val
FieldHockeyPenalty,v_FieldHockeyPenalty_g02_c05,val
FieldHockeyPenalty,v_FieldHockeyPenalty_g02_c06,val
FieldHockeyPenalty,v_FieldHockeyPenalty_g03_c01,val
FieldHockeyPenalty,v_FieldHockeyPenalty_g03_c02,val
FieldHockeyPenalty,v_FieldHockeyPenalty_g03_c03,val
FieldHockeyPenalty,v_FieldHockeyPenalty_g03_c04,val
FieldHockeyPenalty,v_FieldHockeyPenalty_g04_c01,val
FieldHockeyPenalty,v_FieldHockeyPenalty_g04_c02,val
FieldHockeyPenalty,v_FieldHockeyPenalty_g04_c03,val
FieldHockeyPenalty,v_FieldHockeyPenalty_g04_c04,val
FieldHockeyPenalty,v_FieldHockeyPenalty_g04_c05,val
FieldHockeyPenalty,v_FieldHockeyPenalty_g04_c06,val
FieldHockeyPenalty,v_FieldHockeyPenalty_g04_c07,val
FieldHockeyPenalty,v_FieldHockeyPenalty_g05_c01,val
FieldHockeyPenalty,v_FieldHockeyPenalty_g05_c02,val
FieldHockeyPenalty,v_FieldHockeyPenalty_g05_c03,val
FieldHockeyPenalty,v_FieldHockeyPenalty_g05_c04,val
FieldHockeyPenalty,v_FieldHockeyPenalty_g05_c05,val
FieldHockeyPenalty,v_FieldHockeyPenalty_g05_c06,val
FieldHockeyPenalty,v_FieldHockeyPenalty_g05_c07,val
FieldHockeyPenalty,v_FieldHockeyPenalty_g06_c01,val
FieldHockeyPenalty,v_FieldHockeyPenalty_g06_c02,val
FieldHockeyPenalty,v_FieldHockeyPenalty_g06_c03,val
FieldHockeyPenalty,v_FieldHockeyPenalty_g06_c04,val
FieldHockeyPenalty,v_FieldHockeyPenalty_g06_c05,val
FieldHockeyPenalty,v_FieldHockeyPenalty_g06_c06,val
FieldHockeyPenalty,v_FieldHockeyPenalty_g06_c07,val
FieldHockeyPenalty,v_FieldHockeyPenalty_g07_c01,val
FieldHockeyPenalty,v_FieldHockeyPenalty_g07_c02,val
FieldHockeyPenalty,v_FieldHockeyPenalty_g07_c03,val
FieldHockeyPenalty,v_FieldHockeyPenalty_g07_c04,val
FloorGymnastics,v_FloorGymnastics_g01_c01,val
FloorGymnastics,v_FloorGymnastics_g01_c02,val
FloorGymnastics,v_FloorGymnastics_g01_c03,val
FloorGymnastics,v_FloorGymnastics_g01_c04,val
FloorGymnastics,v_FloorGymnastics_g01_c05,val
FloorGymnastics,v_FloorGymnastics_g02_c01,val
FloorGymnastics,v_FloorGymnastics_g02_c02,val
FloorGymnastics,v_FloorGymnastics_g02_c03,val
FloorGymnastics,v_FloorGymnastics_g02_c04,val
FloorGymnastics,v_FloorGymnastics_g03_c01,val
FloorGymnastics,v_FloorGymnastics_g03_c02,val
FloorGymnastics,v_FloorGymnastics_g03_c03,val
FloorGymnastics,v_FloorGymnastics_g03_c04,val
FloorGymnastics,v_FloorGymnastics_g04_c01,val
FloorGymnastics,v_FloorGymnastics_g04_c02,val
FloorGymnastics,v_FloorGymnastics_g04_c03,val
FloorGymnastics,v_FloorGymnastics_g04_c04,val
FloorGymnastics,v_FloorGymnastics_g04_c05,val
FloorGymnastics,v_FloorGymnastics_g05_c01,val
FloorGymnastics,v_FloorGymnastics_g05_c02,val
FloorGymnastics,v_FloorGymnastics_g05_c03,val
FloorGymnastics,v_FloorGymnastics_g05_c04,val
FloorGymnastics,v_FloorGymnastics_g06_c01,val
FloorGymnastics,v_FloorGymnastics_g06_c02,val
FloorGymnastics,v_FloorGymnastics_g06_c03,val
FloorGymnastics,v_FloorGymnastics_g06_c04,val
FloorGymnastics,v_FloorGymnastics_g06_c05,val
FloorGymnastics,v_FloorGymnastics_g06_c06,val
FloorGymnastics,v_FloorGymnastics_g06_c07,val
FloorGymnastics,v_FloorGymnastics_g07_c01,val
FloorGymnastics,v_FloorGymnastics_g07_c02,val
FloorGymnastics,v_FloorGymnastics_g07_c03,val
FloorGymnastics,v_FloorGymnastics_g07_c04,val
FloorGymnastics,v_FloorGymnastics_g07_c05,val
FloorGymnastics,v_FloorGymnastics_g07_c06,val
FloorGymnastics,v_FloorGymnastics_g07_c07,val
FrisbeeCatch,v_FrisbeeCatch_g01_c01,val
FrisbeeCatch,v_FrisbeeCatch_g01_c02,val
FrisbeeCatch,v_FrisbeeCatch_g01_c03,val
FrisbeeCatch,v_FrisbeeCatch_g01_c04,val
FrisbeeCatch,v_FrisbeeCatch_g01_c05,val
FrisbeeCatch,v_FrisbeeCatch_g01_c06,val
FrisbeeCatch,v_FrisbeeCatch_g02_c01,val
FrisbeeCatch,v_FrisbeeCatch_g02_c02,val
FrisbeeCatch,v_FrisbeeCatch_g02_c03,val
FrisbeeCatch,v_FrisbeeCatch_g02_c04,val
FrisbeeCatch,v_FrisbeeCatch_g02_c05,val
FrisbeeCatch,v_FrisbeeCatch_g03_c01,val
FrisbeeCatch,v_FrisbeeCatch_g03_c02,val
FrisbeeCatch,v_FrisbeeCatch_g03_c03,val
FrisbeeCatch,v_FrisbeeCatch_g03_c04,val
FrisbeeCatch,v_FrisbeeCatch_g03_c05,val
FrisbeeCatch,v_FrisbeeCatch_g04_c01,val
FrisbeeCatch,v_FrisbeeCatch_g04_c02,val
FrisbeeCatch,v_FrisbeeCatch_g04_c03,val
FrisbeeCatch,v_FrisbeeCatch_g04_c04,val
FrisbeeCatch,v_FrisbeeCatch_g04_c05,val
FrisbeeCatch,v_FrisbeeCatch_g05_c01,val
FrisbeeCatch,v_FrisbeeCatch_g05_c02,val
FrisbeeCatch,v_FrisbeeCatch_g05_c03,val
FrisbeeCatch,v_FrisbeeCatch_g05_c04,val
FrisbeeCatch,v_FrisbeeCatch_g05_c05,val
FrisbeeCatch,v_FrisbeeCatch_g06_c01,val
FrisbeeCatch,v_FrisbeeCatch_g06_c02,val
FrisbeeCatch,v_FrisbeeCatch_g06_c03,val
FrisbeeCatch,v_FrisbeeCatch_g06_c04,val
FrisbeeCatch,v_FrisbeeCatch_g06_c05,val
FrisbeeCatch,v_FrisbeeCatch_g07_c01,val
FrisbeeCatch,v_FrisbeeCatch_g07_c02,val
FrisbeeCatch,v_FrisbeeCatch_g07_c03,val
FrisbeeCatch,v_FrisbeeCatch_g07_c04,val
FrisbeeCatch,v_FrisbeeCatch_g07_c05,val
FrisbeeCatch,v_FrisbeeCatch_g07_c06,val
FrontCrawl,v_FrontCrawl_g01_c01,val
FrontCrawl,v_FrontCrawl_g01_c02,val
FrontCrawl,v_FrontCrawl_g01_c03,val
FrontCrawl,v_FrontCrawl_g01_c04,val
FrontCrawl,v_FrontCrawl_g02_c01,val
FrontCrawl,v_FrontCrawl_g02_c02,val
FrontCrawl,v_FrontCrawl_g02_c03,val
FrontCrawl,v_FrontCrawl_g02_c04,val
FrontCrawl,v_FrontCrawl_g03_c01,val
FrontCrawl,v_FrontCrawl_g03_c02,val
FrontCrawl,v_FrontCrawl_g03_c03,val
FrontCrawl,v_FrontCrawl_g03_c04,val
FrontCrawl,v_FrontCrawl_g03_c05,val
FrontCrawl,v_FrontCrawl_g03_c06,val
FrontCrawl,v_FrontCrawl_g04_c01,val
FrontCrawl,v_FrontCrawl_g04_c02,val
FrontCrawl,v_FrontCrawl_g04_c03,val
FrontCrawl,v_FrontCrawl_g04_c04,val
FrontCrawl,v_FrontCrawl_g04_c05,val
FrontCrawl,v_FrontCrawl_g04_c06,val
FrontCrawl,v_FrontCrawl_g04_c07,val
FrontCrawl,v_FrontCrawl_g05_c01,val
FrontCrawl,v_FrontCrawl_g05_c02,val
FrontCrawl,v_FrontCrawl_g05_c03,val
FrontCrawl,v_FrontCrawl_g05_c04,val
FrontCrawl,v_FrontCrawl_g06_c01,val
FrontCrawl,v_FrontCrawl_g06_c02,val
FrontCrawl,v_FrontCrawl_g06_c03,val
FrontCrawl,v_FrontCrawl_g06_c04,val
FrontCrawl,v_FrontCrawl_g06_c05,val
FrontCrawl,v_FrontCrawl_g07_c01,val
FrontCrawl,v_FrontCrawl_g07_c02,val
FrontCrawl,v_FrontCrawl_g07_c03,val
FrontCrawl,v_FrontCrawl_g07_c04,val
FrontCrawl,v_FrontCrawl_g07_c05,val
FrontCrawl,v_FrontCrawl_g07_c06,val
FrontCrawl,v_FrontCrawl_g07_c07,val
GolfSwing,v_GolfSwing_g01_c01,val
GolfSwing,v_GolfSwing_g01_c02,val
GolfSwing,v_GolfSwing_g01_c03,val
GolfSwing,v_GolfSwing_g01_c04,val
GolfSwing,v_GolfSwing_g01_c05,val
GolfSwing,v_GolfSwing_g01_c06,val
GolfSwing,v_GolfSwing_g02_c01,val
GolfSwing,v_GolfSwing_g02_c02,val
GolfSwing,v_GolfSwing_g02_c03,val
GolfSwing,v_GolfSwing_g02_c04,val
GolfSwing,v_GolfSwing_g03_c01,val
GolfSwing,v_GolfSwing_g03_c02,val
GolfSwing,v_GolfSwing_g03_c03,val
GolfSwing,v_GolfSwing_g03_c04,val
GolfSwing,v_GolfSwing_g03_c05,val
GolfSwing,v_GolfSwing_g03_c06,val
GolfSwing,v_GolfSwing_g03_c07,val
GolfSwing,v_GolfSwing_g04_c01,val
GolfSwing,v_GolfSwing_g04_c02,val
GolfSwing,v_GolfSwing_g04_c03,val
GolfSwing,v_GolfSwing_g04_c04,val
GolfSwing,v_GolfSwing_g04_c05,val
GolfSwing,v_GolfSwing_g04_c06,val
GolfSwing,v_GolfSwing_g05_c01,val
GolfSwing,v_GolfSwing_g05_c02,val
GolfSwing,v_GolfSwing_g05_c03,val
GolfSwing,v_GolfSwing_g05_c04,val
GolfSwing,v_GolfSwing_g05_c05,val
GolfSwing,v_GolfSwing_g05_c06,val
GolfSwing,v_GolfSwing_g05_c07,val
GolfSwing,v_GolfSwing_g06_c01,val
GolfSwing,v_GolfSwing_g06_c02,val
GolfSwing,v_GolfSwing_g06_c03,val
GolfSwing,v_GolfSwing_g06_c04,val
GolfSwing,v_GolfSwing_g07_c01,val
GolfSwing,v_GolfSwing_g07_c02,val
GolfSwing,v_GolfSwing_g07_c03,val
GolfSwing,v_GolfSwing_g07_c04,val
GolfSwing,v_GolfSwing_g07_c05,val
Haircut,v_Haircut_g01_c01,val
Haircut,v_Haircut_g01_c02,val
Haircut,v_Haircut_g01_c03,val
Haircut,v_Haircut_g01_c04,val
Haircut,v_Haircut_g02_c01,val
Haircut,v_Haircut_g02_c02,val
Haircut,v_Haircut_g02_c03,val
Haircut,v_Haircut_g02_c04,val
Haircut,v_Haircut_g03_c01,val
Haircut,v_Haircut_g03_c02,val
Haircut,v_Haircut_g03_c03,val
Haircut,v_Haircut_g03_c04,val
Haircut,v_Haircut_g03_c05,val
Haircut,v_Haircut_g03_c06,val
Haircut,v_Haircut_g04_c01,val
Haircut,v_Haircut_g04_c02,val
Haircut,v_Haircut_g04_c03,val
Haircut,v_Haircut_g04_c04,val
Haircut,v_Haircut_g04_c05,val
Haircut,v_Haircut_g05_c01,val
Haircut,v_Haircut_g05_c02,val
Haircut,v_Haircut_g05_c03,val
Haircut,v_Haircut_g05_c04,val
Haircut,v_Haircut_g06_c01,val
Haircut,v_Haircut_g06_c02,val
Haircut,v_Haircut_g06_c03,val
Haircut,v_Haircut_g06_c04,val
Haircut,v_Haircut_g07_c01,val
Haircut,v_Haircut_g07_c02,val
Haircut,v_Haircut_g07_c03,val
Haircut,v_Haircut_g07_c04,val
Haircut,v_Haircut_g07_c05,val
Haircut,v_Haircut_g07_c06,val
Hammering,v_Hammering_g01_c01,val
Hammering,v_Hammering_g01_c02,val
Hammering,v_Hammering_g01_c03,val
Hammering,v_Hammering_g01_c04,val
Hammering,v_Hammering_g02_c01,val
Hammering,v_Hammering_g02_c02,val
Hammering,v_Hammering_g02_c03,val
Hammering,v_Hammering_g02_c04,val
Hammering,v_Hammering_g03_c01,val
Hammering,v_Hammering_g03_c02,val
Hammering,v_Hammering_g03_c03,val
Hammering,v_Hammering_g03_c04,val
Hammering,v_Hammering_g03_c05,val
Hammering,v_Hammering_g04_c01,val
Hammering,v_Hammering_g04_c02,val
Hammering,v_Hammering_g04_c03,val
Hammering,v_Hammering_g04_c04,val
Hammering,v_Hammering_g04_c05,val
Hammering,v_Hammering_g05_c01,val
Hammering,v_Hammering_g05_c02,val
Hammering,v_Hammering_g05_c03,val
Hammering,v_Hammering_g05_c04,val
Hammering,v_Hammering_g06_c01,val
Hammering,v_Hammering_g06_c02,val
Hammering,v_Hammering_g06_c03,val
Hammering,v_Hammering_g06_c04,val
Hammering,v_Hammering_g06_c05,val
Hammering,v_Hammering_g06_c06,val
Hammering,v_Hammering_g07_c01,val
Hammering,v_Hammering_g07_c02,val
Hammering,v_Hammering_g07_c03,val
Hammering,v_Hammering_g07_c04,val
Hammering,v_Hammering_g07_c05,val
HammerThrow,v_HammerThrow_g01_c01,val
HammerThrow,v_HammerThrow_g01_c02,val
HammerThrow,v_HammerThrow_g01_c03,val
HammerThrow,v_HammerThrow_g01_c04,val
HammerThrow,v_HammerThrow_g01_c05,val
HammerThrow,v_HammerThrow_g01_c06,val
HammerThrow,v_HammerThrow_g02_c01,val
HammerThrow,v_HammerThrow_g02_c02,val
HammerThrow,v_HammerThrow_g02_c03,val
HammerThrow,v_HammerThrow_g02_c04,val
HammerThrow,v_HammerThrow_g02_c05,val
HammerThrow,v_HammerThrow_g02_c06,val
HammerThrow,v_HammerThrow_g02_c07,val
HammerThrow,v_HammerThrow_g03_c01,val
HammerThrow,v_HammerThrow_g03_c02,val
HammerThrow,v_HammerThrow_g03_c03,val
HammerThrow,v_HammerThrow_g03_c04,val
HammerThrow,v_HammerThrow_g03_c05,val
HammerThrow,v_HammerThrow_g03_c06,val
HammerThrow,v_HammerThrow_g03_c07,val
HammerThrow,v_HammerThrow_g04_c01,val
HammerThrow,v_HammerThrow_g04_c02,val
HammerThrow,v_HammerThrow_g04_c03,val
HammerThrow,v_HammerThrow_g04_c04,val
HammerThrow,v_HammerThrow_g04_c05,val
HammerThrow,v_HammerThrow_g04_c06,val
HammerThrow,v_HammerThrow_g04_c07,val
HammerThrow,v_HammerThrow_g05_c01,val
HammerThrow,v_HammerThrow_g05_c02,val
HammerThrow,v_HammerThrow_g05_c03,val
HammerThrow,v_HammerThrow_g05_c04,val
HammerThrow,v_HammerThrow_g05_c05,val
HammerThrow,v_HammerThrow_g05_c06,val
HammerThrow,v_HammerThrow_g06_c01,val
HammerThrow,v_HammerThrow_g06_c02,val
HammerThrow,v_HammerThrow_g06_c03,val
HammerThrow,v_HammerThrow_g06_c04,val
HammerThrow,v_HammerThrow_g06_c05,val
HammerThrow,v_HammerThrow_g06_c06,val
HammerThrow,v_HammerThrow_g06_c07,val
HammerThrow,v_HammerThrow_g07_c01,val
HammerThrow,v_HammerThrow_g07_c02,val
HammerThrow,v_HammerThrow_g07_c03,val
HammerThrow,v_HammerThrow_g07_c04,val
HammerThrow,v_HammerThrow_g07_c05,val
HandstandPushups,v_HandStandPushups_g01_c01,val
HandstandPushups,v_HandStandPushups_g01_c02,val
HandstandPushups,v_HandStandPushups_g01_c03,val
HandstandPushups,v_HandStandPushups_g01_c04,val
HandstandPushups,v_HandStandPushups_g02_c01,val
HandstandPushups,v_HandStandPushups_g02_c02,val
HandstandPushups,v_HandStandPushups_g02_c03,val
HandstandPushups,v_HandStandPushups_g02_c04,val
HandstandPushups,v_HandStandPushups_g03_c01,val
HandstandPushups,v_HandStandPushups_g03_c02,val
HandstandPushups,v_HandStandPushups_g03_c03,val
HandstandPushups,v_HandStandPushups_g03_c04,val
HandstandPushups,v_HandStandPushups_g04_c01,val
HandstandPushups,v_HandStandPushups_g04_c02,val
HandstandPushups,v_HandStandPushups_g04_c03,val
HandstandPushups,v_HandStandPushups_g04_c04,val
HandstandPushups,v_HandStandPushups_g05_c01,val
HandstandPushups,v_HandStandPushups_g05_c02,val
HandstandPushups,v_HandStandPushups_g05_c03,val
HandstandPushups,v_HandStandPushups_g05_c04,val
HandstandPushups,v_HandStandPushups_g06_c01,val
HandstandPushups,v_HandStandPushups_g06_c02,val
HandstandPushups,v_HandStandPushups_g06_c03,val
HandstandPushups,v_HandStandPushups_g06_c04,val
HandstandPushups,v_HandStandPushups_g07_c01,val
HandstandPushups,v_HandStandPushups_g07_c02,val
HandstandPushups,v_HandStandPushups_g07_c03,val
HandstandPushups,v_HandStandPushups_g07_c04,val
HandstandWalking,v_HandstandWalking_g01_c01,val
HandstandWalking,v_HandstandWalking_g01_c02,val
HandstandWalking,v_HandstandWalking_g01_c03,val
HandstandWalking,v_HandstandWalking_g01_c04,val
HandstandWalking,v_HandstandWalking_g02_c01,val
HandstandWalking,v_HandstandWalking_g02_c02,val
HandstandWalking,v_HandstandWalking_g02_c03,val
HandstandWalking,v_HandstandWalking_g02_c04,val
HandstandWalking,v_HandstandWalking_g03_c01,val
HandstandWalking,v_HandstandWalking_g03_c02,val
HandstandWalking,v_HandstandWalking_g03_c03,val
HandstandWalking,v_HandstandWalking_g03_c04,val
HandstandWalking,v_HandstandWalking_g04_c01,val
HandstandWalking,v_HandstandWalking_g04_c02,val
HandstandWalking,v_HandstandWalking_g04_c03,val
HandstandWalking,v_HandstandWalking_g04_c04,val
HandstandWalking,v_HandstandWalking_g04_c05,val
HandstandWalking,v_HandstandWalking_g05_c01,val
HandstandWalking,v_HandstandWalking_g05_c02,val
HandstandWalking,v_HandstandWalking_g05_c03,val
HandstandWalking,v_HandstandWalking_g05_c04,val
HandstandWalking,v_HandstandWalking_g05_c05,val
HandstandWalking,v_HandstandWalking_g05_c06,val
HandstandWalking,v_HandstandWalking_g05_c07,val
HandstandWalking,v_HandstandWalking_g06_c01,val
HandstandWalking,v_HandstandWalking_g06_c02,val
HandstandWalking,v_HandstandWalking_g06_c03,val
HandstandWalking,v_HandstandWalking_g06_c04,val
HandstandWalking,v_HandstandWalking_g07_c01,val
HandstandWalking,v_HandstandWalking_g07_c02,val
HandstandWalking,v_HandstandWalking_g07_c03,val
HandstandWalking,v_HandstandWalking_g07_c04,val
HandstandWalking,v_HandstandWalking_g07_c05,val
HandstandWalking,v_HandstandWalking_g07_c06,val
HeadMassage,v_HeadMassage_g01_c01,val
HeadMassage,v_HeadMassage_g01_c02,val
HeadMassage,v_HeadMassage_g01_c03,val
HeadMassage,v_HeadMassage_g01_c04,val
HeadMassage,v_HeadMassage_g01_c05,val
HeadMassage,v_HeadMassage_g02_c01,val
HeadMassage,v_HeadMassage_g02_c02,val
HeadMassage,v_HeadMassage_g02_c03,val
HeadMassage,v_HeadMassage_g02_c04,val
HeadMassage,v_HeadMassage_g02_c05,val
HeadMassage,v_HeadMassage_g02_c06,val
HeadMassage,v_HeadMassage_g02_c07,val
HeadMassage,v_HeadMassage_g03_c01,val
HeadMassage,v_HeadMassage_g03_c02,val
HeadMassage,v_HeadMassage_g03_c03,val
HeadMassage,v_HeadMassage_g03_c04,val
HeadMassage,v_HeadMassage_g03_c05,val
HeadMassage,v_HeadMassage_g03_c06,val
HeadMassage,v_HeadMassage_g03_c07,val
HeadMassage,v_HeadMassage_g04_c01,val
HeadMassage,v_HeadMassage_g04_c02,val
HeadMassage,v_HeadMassage_g04_c03,val
HeadMassage,v_HeadMassage_g04_c04,val
HeadMassage,v_HeadMassage_g05_c01,val
HeadMassage,v_HeadMassage_g05_c02,val
HeadMassage,v_HeadMassage_g05_c03,val
HeadMassage,v_HeadMassage_g05_c04,val
HeadMassage,v_HeadMassage_g05_c05,val
HeadMassage,v_HeadMassage_g05_c06,val
HeadMassage,v_HeadMassage_g06_c01,val
HeadMassage,v_HeadMassage_g06_c02,val
HeadMassage,v_HeadMassage_g06_c03,val
HeadMassage,v_HeadMassage_g06_c04,val
HeadMassage,v_HeadMassage_g06_c05,val
HeadMassage,v_HeadMassage_g06_c06,val
HeadMassage,v_HeadMassage_g06_c07,val
HeadMassage,v_HeadMassage_g07_c01,val
HeadMassage,v_HeadMassage_g07_c02,val
HeadMassage,v_HeadMassage_g07_c03,val
HeadMassage,v_HeadMassage_g07_c04,val
HeadMassage,v_HeadMassage_g07_c05,val
HighJump,v_HighJump_g01_c01,val
HighJump,v_HighJump_g01_c02,val
HighJump,v_HighJump_g01_c03,val
HighJump,v_HighJump_g01_c04,val
HighJump,v_HighJump_g01_c05,val
HighJump,v_HighJump_g02_c01,val
HighJump,v_HighJump_g02_c02,val
HighJump,v_HighJump_g02_c03,val
HighJump,v_HighJump_g02_c04,val
HighJump,v_HighJump_g02_c05,val
HighJump,v_HighJump_g02_c06,val
HighJump,v_HighJump_g02_c07,val
HighJump,v_HighJump_g03_c01,val
HighJump,v_HighJump_g03_c02,val
HighJump,v_HighJump_g03_c03,val
HighJump,v_HighJump_g03_c04,val
HighJump,v_HighJump_g04_c01,val
HighJump,v_HighJump_g04_c02,val
HighJump,v_HighJump_g04_c03,val
HighJump,v_HighJump_g04_c04,val
HighJump,v_HighJump_g04_c05,val
HighJump,v_HighJump_g04_c06,val
HighJump,v_HighJump_g05_c01,val
HighJump,v_HighJump_g05_c02,val
HighJump,v_HighJump_g05_c03,val
HighJump,v_HighJump_g05_c04,val
HighJump,v_HighJump_g05_c05,val
HighJump,v_HighJump_g06_c01,val
HighJump,v_HighJump_g06_c02,val
HighJump,v_HighJump_g06_c03,val
HighJump,v_HighJump_g06_c04,val
HighJump,v_HighJump_g07_c01,val
HighJump,v_HighJump_g07_c02,val
HighJump,v_HighJump_g07_c03,val
HighJump,v_HighJump_g07_c04,val
HighJump,v_HighJump_g07_c05,val
HighJump,v_HighJump_g07_c06,val
HorseRace,v_HorseRace_g01_c01,val
HorseRace,v_HorseRace_g01_c02,val
HorseRace,v_HorseRace_g01_c03,val
HorseRace,v_HorseRace_g01_c04,val
HorseRace,v_HorseRace_g02_c01,val
HorseRace,v_HorseRace_g02_c02,val
HorseRace,v_HorseRace_g02_c03,val
HorseRace,v_HorseRace_g02_c04,val
HorseRace,v_HorseRace_g03_c01,val
HorseRace,v_HorseRace_g03_c02,val
HorseRace,v_HorseRace_g03_c03,val
HorseRace,v_HorseRace_g03_c04,val
HorseRace,v_HorseRace_g03_c05,val
HorseRace,v_HorseRace_g04_c01,val
HorseRace,v_HorseRace_g04_c02,val
HorseRace,v_HorseRace_g04_c03,val
HorseRace,v_HorseRace_g04_c04,val
HorseRace,v_HorseRace_g04_c05,val
HorseRace,v_HorseRace_g04_c06,val
HorseRace,v_HorseRace_g05_c01,val
HorseRace,v_HorseRace_g05_c02,val
HorseRace,v_HorseRace_g05_c03,val
HorseRace,v_HorseRace_g05_c04,val
HorseRace,v_HorseRace_g06_c01,val
HorseRace,v_HorseRace_g06_c02,val
HorseRace,v_HorseRace_g06_c03,val
HorseRace,v_HorseRace_g06_c04,val
HorseRace,v_HorseRace_g06_c05,val
HorseRace,v_HorseRace_g06_c06,val
HorseRace,v_HorseRace_g07_c01,val
HorseRace,v_HorseRace_g07_c02,val
HorseRace,v_HorseRace_g07_c03,val
HorseRace,v_HorseRace_g07_c04,val
HorseRace,v_HorseRace_g07_c05,val
HorseRace,v_HorseRace_g07_c06,val
HorseRiding,v_HorseRiding_g01_c01,val
HorseRiding,v_HorseRiding_g01_c02,val
HorseRiding,v_HorseRiding_g01_c03,val
HorseRiding,v_HorseRiding_g01_c04,val
HorseRiding,v_HorseRiding_g01_c05,val
HorseRiding,v_HorseRiding_g01_c06,val
HorseRiding,v_HorseRiding_g01_c07,val
HorseRiding,v_HorseRiding_g02_c01,val
HorseRiding,v_HorseRiding_g02_c02,val
HorseRiding,v_HorseRiding_g02_c03,val
HorseRiding,v_HorseRiding_g02_c04,val
HorseRiding,v_HorseRiding_g02_c05,val
HorseRiding,v_HorseRiding_g02_c06,val
HorseRiding,v_HorseRiding_g02_c07,val
HorseRiding,v_HorseRiding_g03_c01,val
HorseRiding,v_HorseRiding_g03_c02,val
HorseRiding,v_HorseRiding_g03_c03,val
HorseRiding,v_HorseRiding_g03_c04,val
HorseRiding,v_HorseRiding_g03_c05,val
HorseRiding,v_HorseRiding_g03_c06,val
HorseRiding,v_HorseRiding_g03_c07,val
HorseRiding,v_HorseRiding_g04_c01,val
HorseRiding,v_HorseRiding_g04_c02,val
HorseRiding,v_HorseRiding_g04_c03,val
HorseRiding,v_HorseRiding_g04_c04,val
HorseRiding,v_HorseRiding_g04_c05,val
HorseRiding,v_HorseRiding_g04_c06,val
HorseRiding,v_HorseRiding_g04_c07,val
HorseRiding,v_HorseRiding_g05_c01,val
HorseRiding,v_HorseRiding_g05_c02,val
HorseRiding,v_HorseRiding_g05_c03,val
HorseRiding,v_HorseRiding_g05_c04,val
HorseRiding,v_HorseRiding_g05_c05,val
HorseRiding,v_HorseRiding_g05_c06,val
HorseRiding,v_HorseRiding_g05_c07,val
HorseRiding,v_HorseRiding_g06_c01,val
HorseRiding,v_HorseRiding_g06_c02,val
HorseRiding,v_HorseRiding_g06_c03,val
HorseRiding,v_HorseRiding_g06_c04,val
HorseRiding,v_HorseRiding_g06_c05,val
HorseRiding,v_HorseRiding_g06_c06,val
HorseRiding,v_HorseRiding_g06_c07,val
HorseRiding,v_HorseRiding_g07_c01,val
HorseRiding,v_HorseRiding_g07_c02,val
HorseRiding,v_HorseRiding_g07_c03,val
HorseRiding,v_HorseRiding_g07_c04,val
HorseRiding,v_HorseRiding_g07_c05,val
HorseRiding,v_HorseRiding_g07_c06,val
HorseRiding,v_HorseRiding_g07_c07,val
